
<?xml version="1.0" encoding="UTF-8" standalone="yes"?>
<addon id="repository.777" name="777" version="1.1.0" provider-name="777">
	<extension point="xbmc.addon.repository" name="777 official Repo">
		<info compressed="false">https://raw.githubusercontent.com/Espinete/Repo/master/addons.xml</info>
		<checksum>https://raw.githubusercontent.com/Espinete/Repo/master/addons.xml.md5</checksum>
		<datadir zip="true">https://raw.githubusercontent.com/Espinete/Repo/master</datadir>
	</extension>
	<extension point="xbmc.addon.metadata">
		<summary>777 official Repo</summary>
   		<description lang="en">Instala los Addons de 777.</description>
		<disclaimer></disclaimer>
		<platform>all</platform>
	</extension>
</addon>